{"cameraMode":{"drawMode":0,"name":"Shaded","section":"Shading Mode"},"sceneLighting":true,"audioPlay":false,"sceneViewState":{"showFog":true,"showMaterialUpdate":false,"showSkybox":true,"showFlares":true,"showImageEffects":true,"showParticleSystems":true},"in2DMode":false,"pivot":{"x":-0.29656997323036196,"y":3.0659985542297365,"z":-14.249238014221192},"rotation":{"x":0.0005866427673026919,"y":0.9454538822174072,"z":-0.32575443387031557,"w":0.0017023095861077309},"size":10.0,"orthographic":false}