{"cameraMode":{"drawMode":0,"name":"Shaded","section":"Shading Mode"},"sceneLighting":true,"audioPlay":false,"sceneViewState":{"showFog":true,"showMaterialUpdate":true,"showSkybox":true,"showFlares":true,"showImageEffects":true,"showParticleSystems":true},"in2DMode":false,"pivot":{"x":82.49221801757813,"y":-32.426029205322269,"z":21.120811462402345},"rotation":{"x":-0.2515014708042145,"y":-0.6188902258872986,"z":0.21885783970355988,"w":-0.7112246155738831},"size":25.6010684967041,"orthographic":false}