{"cameraMode":{"drawMode":0,"name":"Shaded","section":"Shading Mode"},"sceneLighting":false,"audioPlay":false,"sceneViewState":{"showFog":true,"showMaterialUpdate":true,"showSkybox":false,"showFlares":true,"showImageEffects":true,"showParticleSystems":true},"in2DMode":false,"pivot":{"x":-2.993434190750122,"y":0.6851314902305603,"z":2.3695855140686037},"rotation":{"x":0.005928750615566969,"y":0.9786112308502197,"z":0.02848743088543415,"w":-0.20368151366710664},"size":6.046992778778076,"orthographic":false}