{"cameraMode":{"drawMode":0,"name":"Shaded","section":"Shading Mode"},"sceneLighting":false,"audioPlay":false,"sceneViewState":{"showFog":true,"showMaterialUpdate":true,"showSkybox":false,"showFlares":true,"showImageEffects":true,"showParticleSystems":true},"in2DMode":false,"pivot":{"x":-0.45312535762786868,"y":1.1107319593429566,"z":-0.6871272921562195},"rotation":{"x":-0.00022615464695263654,"y":0.9988847374916077,"z":0.0470840148627758,"w":0.004791156854480505},"size":6.046992778778076,"orthographic":false}