{"cameraMode":{"drawMode":0,"name":"Shaded","section":"Shading Mode"},"sceneLighting":false,"audioPlay":false,"sceneViewState":{"showFog":true,"showMaterialUpdate":true,"showSkybox":false,"showFlares":true,"showImageEffects":true,"showParticleSystems":true},"in2DMode":false,"pivot":{"x":-0.08140017092227936,"y":0.005966968834400177,"z":0.620044469833374},"rotation":{"x":0.0008411200251430273,"y":0.9981249570846558,"z":0.01407625898718834,"w":-0.059662606567144397},"size":1.219188928604126,"orthographic":false}