{"cameraMode":{"drawMode":0,"name":"Shaded","section":"Shading Mode"},"sceneLighting":false,"audioPlay":false,"sceneViewState":{"showFog":true,"showMaterialUpdate":true,"showSkybox":false,"showFlares":true,"showImageEffects":true,"showParticleSystems":true},"in2DMode":false,"pivot":{"x":0.0952143669128418,"y":-0.20958516001701356,"z":0.6791545152664185},"rotation":{"x":0.11555945873260498,"y":0.7362417578697205,"z":-0.13009770214557649,"w":0.6539806723594666},"size":0.729943037033081,"orthographic":false}