{"cameraMode":{"drawMode":0,"name":"Shaded","section":"Shading Mode"},"sceneLighting":false,"audioPlay":false,"sceneViewState":{"showFog":true,"showMaterialUpdate":true,"showSkybox":false,"showFlares":true,"showImageEffects":true,"showParticleSystems":true},"in2DMode":false,"pivot":{"x":9.02286434173584,"y":2.7140955924987795,"z":13.201059341430664},"rotation":{"x":0.04943378269672394,"y":-0.6083712577819824,"z":0.03801066428422928,"w":0.7912025451660156},"size":0.8660253882408142,"orthographic":false}