{"cameraMode":{"drawMode":0,"name":"Shaded","section":"Shading Mode"},"sceneLighting":false,"audioPlay":false,"sceneViewState":{"showFog":true,"showMaterialUpdate":true,"showSkybox":false,"showFlares":true,"showImageEffects":true,"showParticleSystems":true},"in2DMode":false,"pivot":{"x":0.1530301719903946,"y":0.42347097396850588,"z":0.8571179509162903},"rotation":{"x":0.005420943256467581,"y":0.9943773150444031,"z":0.08432739228010178,"w":-0.06393054872751236},"size":1.219188928604126,"orthographic":false}