{"cameraMode":{"drawMode":0,"name":"Shaded","section":"Shading Mode"},"sceneLighting":false,"audioPlay":false,"sceneViewState":{"showFog":true,"showMaterialUpdate":true,"showSkybox":false,"showFlares":true,"showImageEffects":true,"showParticleSystems":true},"in2DMode":false,"pivot":{"x":-0.2722322344779968,"y":0.18182159960269929,"z":0.5704106092453003},"rotation":{"x":0.024369074031710626,"y":0.9593199491500855,"z":-0.08744166046380997,"w":0.2673557996749878},"size":0.37401628494262698,"orthographic":false}