{"cameraMode":{"drawMode":0,"name":"Shaded","section":"Shading Mode"},"sceneLighting":true,"audioPlay":false,"sceneViewState":{"showFog":true,"showMaterialUpdate":false,"showSkybox":true,"showFlares":true,"showImageEffects":true,"showParticleSystems":true},"in2DMode":false,"pivot":{"x":10.243051528930664,"y":46.52640151977539,"z":-9.37325668334961},"rotation":{"x":0.06501199305057526,"y":-0.4243876338005066,"z":-0.030566751956939698,"w":-0.9026264548301697},"size":10.0,"orthographic":false}